Subreddit,Post ID,Title,Sentiment Score,Sentiment Classification,Tickers
pennystocks,1em3bk8,"ğŸ‡¹â€ŒğŸ‡­â€ŒğŸ‡ªâ€Œ ğŸ‡±â€ŒğŸ‡´â€ŒğŸ‡ºâ€ŒğŸ‡³â€ŒğŸ‡¬â€ŒğŸ‡ªâ€Œ August 07, 2024",0.0,avoid,
pennystocks,1em0suc,RR Richtech robotics theory,-0.1564285714285714,avoid,"WAS, RR"
pennystocks,1elzqhr,New Watchlist Addition - $GLM.CN,0.16363720538720541,neutral,"NPR, GOLXF, CN, GLM, DD, MUX"
pennystocks,1elzk5j,Richtech Robotics RR,-0.2726190476190476,avoid,RR
pennystocks,1elygql,LiveOne is the latest entertainment company stock to watch,0.0683080808080808,neutral,"AAPL, MSFT, III, LVO, META, II, NFA"
pennystocks,1elwrde,$VBIV - #DDAmanda Video Analysis,0.0,avoid,VBIV
pennystocks,1elvlbl,Remember Helium One?,0.16372819100091826,neutral,"ITW, TD, II, MD, EWT"
pennystocks,1elpz9g,"Cult Food Science Set to Begin FDA Feeding Trials for Cultivated Dog Treats Under Noochies! Brand (CSE: CULT, OTC: CULTF, FRA: LN0)",0.06920767828662566,neutral,"FDA, OTC, FRA, UK, CULTF, VP, AAFCO, CSE, CULT, TAS, US, CAD"
pennystocks,1elooif,Thought on Cyngn? CYN$,0.19333333333333336,neutral,CYN
pennystocks,1elmcqu,$AKTS  Analyst explanation - This is why I keep buying. ,0.16529317186644768,neutral,"BAW, AKTS"
pennystocks,1elm2oe,BioLargo Achieves Record Quarterly Revenue of $5 Million for Second Quarter of 2024,0.010317460317460317,neutral,"BLGO, CA, OTCQX"
pennystocks,1eljwm1,"Minimizing Toxicity, Maximizing Effectiveness: The Promise of RenovoGem in Cancer Treatment",0.2293498509687035,neutral,
pennystocks,1elhe82,$SLS  It keeps getting better and better - another ODD designation for 009,0.15361111111111111,neutral,"FDA, SLS, ONE, NO, PTCL, RPDD, ODD, EMA"
pennystocks,1elh6ja,$FGEN  Cut 75% of workforce - Roxadustat valuable asset (Astrazeneca partner),0.08652777777777779,neutral,"US, FGEN, USA, SP"
pennystocks,1elh1q1,$PAPL - Bullish price/Volume Action ,0.19392857142857142,neutral,"PAPL, PT"
pennystocks,1elgyah,$WCUFF rises 10% in Black Monday II?,0.04484427609427609,neutral,"YTD, WCU, WCUFF, DJI, COVID, II, EV, NDQ"
pennystocks,1elgu1l,Did you buy or sell on Monday? I added these two stocks to my watchlist for once the printer is turned on ,0.185998010998011,neutral,"OS, OST, NYSE, LVO, WWIII, OSTE, OSTX, IBIT"
pennystocks,1eld39k,Blockchain-based Framework for Secure Data Sharing in Smart Cities,0.10976190476190475,neutral,PKI
pennystocks,1el98l3,"ğŸ‡¹â€ŒğŸ‡­â€ŒğŸ‡ªâ€Œ ğŸ‡±â€ŒğŸ‡´â€ŒğŸ‡ºâ€ŒğŸ‡³â€ŒğŸ‡¬â€ŒğŸ‡ªâ€Œ August 06, 2024",0.0,avoid,
pennystocks,1el38bw,Recap of key information from Akebia's Q1 Earning call,0.04986836449602406,neutral,"FDA, ESA, SG, HIF, GFR, III, TDAPA, WACC, EU"
pennystocks,1el02ww,AGRI - stay of execution ,0.0,avoid,AGRI
pennystocks,1ekxcxk,"OCTO - â€œContinued growth in the refurbished market for Apple products, combined with Forever 8â€™s unique offering, is driving strong growth for our Company in this sector. ",0.3983333333333333,neutral,OCTO
pennystocks,1ekvady,Rebounders: Lots of stocks dropped but some bounced back or didn't drop,0.0,avoid,"ALLR, LDDFF, BABYF, HGCPF, SPCB"
pennystocks,1ekuww6,$PAPL Bounces Back 20% from day's low: More to come,0.08606770833333334,neutral,"RSI, PAPL, MA"
pennystocks,1ekoq08,"$OCGN  has hit 2$ THREE times this year, offering done, positive news keeps coming ",0.0458498023715415,neutral,"FDA, BLA, OS, EAP, OCGN, RP, GLOBE, THREE"
pennystocks,1eko1s4,"$AKTS Insider buying,  so I did....",0.11103174603174604,neutral,"US, AKTS"
pennystocks,1ekn825,$VSEE - #DDAmanda Video Analysis,0.0,avoid,VSEE
pennystocks,1ekmwoe,"$GDHG   PM was wild, again. Up 10%  (only Green in a sea of red)",0.0549464570517202,neutral,"RMB, OS, GDHG, SP, US, BUT"
pennystocks,1ekmu65,Above Food Ingredients Inc. (NASDAQ: ABVE): Pioneering The Future Of Sustainable Food,0.10568717477808387,neutral,"ABVE, CAGR, ESG, USD"
pennystocks,1ekklut,TPET up 10 percent pre-market,0.07967171717171717,neutral,TPET
pennystocks,1ekkcn5,Some runners at resistance to watch this week and some lottos,0.25833333333333336,neutral,"OTC, CBDW, BURU, KGKG, AABB, CBDL, GEGR, SAVA"
pennystocks,1ekjdcl,"Geopolitical tensions are causing great volatility in Gold's share price, now up to $2425. More ATH's are to be expected. Nova Minerals ($NVAAF) just closed its US$3.3m NASDAQ IPO. (NASDAQ:NVA). High-grade core of 340,000 oz @ 2.3 g/t Au. Mineralization from surface.",0.05035685035685034,neutral,"ADS, NVAWW, NVA, US, NVAAF"
pennystocks,1ekiac1,Advanced Data Structure Architecture Using Homomorphic Encryption and Federated Learning,0.21221804511278192,neutral,
pennystocks,1ekfiip,"ğŸ‡¹â€ŒğŸ‡­â€ŒğŸ‡ªâ€Œ ğŸ‡±â€ŒğŸ‡´â€ŒğŸ‡ºâ€ŒğŸ‡³â€ŒğŸ‡¬â€ŒğŸ‡ªâ€Œ August 05, 2024",0.0,avoid,
pennystocks,1ek6768,SVMH Reverse split,0.06666666666666665,neutral,"SVMH, US, SC, CMAX, EV, SCAI, WINT"
pennystocks,1ejufng,NNVC: A Hidden Gem?,0.12222222222222223,neutral,"USD, NNVC"
pennystocks,1ejtomh,"Opportunity Knocking in Microcaps? $BYSI, $SILO, $SKYX, $MIGI
",0.06581673881673882,neutral,"SILO, BYSI, LLY, HD, SKYX, HIGH, MIGI, MD"
pennystocks,1ejnaxw,"ğŸ‡¹â€ŒğŸ‡­â€ŒğŸ‡ªâ€Œ ğŸ‡±â€ŒğŸ‡´â€ŒğŸ‡ºâ€ŒğŸ‡³â€ŒğŸ‡¬â€ŒğŸ‡ªâ€Œ August 04, 2024",0.0,avoid,
pennystocks,1ejjbi7,"Catheter Precision, Inc. ($VTAK) - Medical Device",0.05409982174688056,neutral,"FDA, VIVO, CE, VTAK, II"
pennystocks,1ejfjei,Need some clarification on warrants,0.10732636928289101,neutral,
pennystocks,1ejd7c5,Whatâ€™s your #1 Pennystock thatâ€™s available on Robinhood?,0.17500000000000002,neutral,"TDA, RH"
pennystocks,1ej9wm1,[DD] LivePerson (LPSN) â€“ The Turnaround Story You've Been Waiting For ğŸš€,0.1484976577367882,neutral,"CFO, LPSN, DD, CRO"
pennystocks,1ej4a5f,FSD Pharma (HUGE) ,0.39999999999999997,neutral,"FSD, HUGE, RH"
pennystocks,1ej11ta,Keen to make some ğŸ’°,0.7,neutral,
pennystocks,1eizr82,Combination of Filters,0.275,neutral,
pennystocks,1eiv22k,"ğŸ‡¹â€ŒğŸ‡­â€ŒğŸ‡ªâ€Œ ğŸ‡±â€ŒğŸ‡´â€ŒğŸ‡ºâ€ŒğŸ‡³â€ŒğŸ‡¬â€ŒğŸ‡ªâ€Œ August 03, 2024",0.0,avoid,
pennystocks,1eimk0c,ğ•ğ•™ğ•  ğ•—ğ•šğ•Ÿğ•šğ•¤ğ•™ğ•–ğ•• ğ•˜ğ•£ğ•–ğ•–ğ•Ÿ ğ•¥ğ•™ğ•šğ•¤ ğ•¨ğ•–ğ•–ğ•œ?,0.0,avoid,
pennystocks,1eimegz,"Vertex Resource Groupâ€™s ($VTX) CEO Buys 51,000 Shares",0.09992985409652076,neutral,"TSXV, ESG, VTX"
pennystocks,1eijwcs,Your most cherished penny stock?,0.23985890652557323,neutral,ASTS
pennystocks,1eihznf,DBGI Oversold Low Float Gem,0.2048951048951049,neutral,DBGI
pennystocks,1eih76v,$BBAI  Big Bear AI @ Heathrow Airport  and earnings summary ,0.125,neutral,"NYSE, BBAI, MSA"
pennystocks,1eigzun,Updates For Getting Payment in Meta Materials $3M Investor Settlement,-0.027500000000000004,avoid,
pennystocks,1eicxnn,"Lots of experts say the silver price will continue to be volatile as a result of global geopolitical instability. Currently hovering at $28.03. Tier One Silver ($TSLV) recently closed a 10,603,600-share private placement and is resuming its Curibaya exploration. current market cap = $22M.",-0.0346031746031746,avoid,"TSX, TSLV, ET"
pennystocks,1eich1b,Watchlist 8/2 ~ Targets and Stops,-0.0625,avoid,"RDHL, MKDW, EST, NFA, XCUR"
pennystocks,1eib7sb,$AKTS  Fire-sale.  Buy the fear - is what I did today. Record revenues will be reported. ,0.24065656565656568,neutral,"AKTS, ITC, QORVO, AP, PR, XBAW, CHIPS, BUT, RF"
pennystocks,1eia9to,"
Markets Update-- Time to rebound?
",0.12775974025974027,neutral,"SPY, NVDA, TSLA, FSLR, META, TSM"
pennystocks,1eia6tq,$OCGN Pipeline narrowed down.  Amazing science. ,0.09479179550608122,neutral,"HAVE, LCA, RP, FDA, GONE, STUDY, HAS, COVID, DR, CMC, RMAT, WATCH, GMP, THE, FULLY, WERE, ALL, NIAID, THIS, PHASE, IND, BEEN, THEY, OCGN, DME, BY"
pennystocks,1ei9ntr,$MMA finds Bottom and Now Ready To Fly,0.18125,neutral,"MMA, RSI"
pennystocks,1ei99s5,$PAPL â€“ Bullish technical setup with higher highs and higher lows. ,0.11770833333333333,neutral,"RSI, PAPL, MA"
pennystocks,1ei8z71,I got caught in the $WCUFF fake out... buy the dip?,0.024801587301587293,neutral,"WCU, WCUFF, RSI, II, RIGHT, III"
pennystocks,1ei8oec,"GMPR We signed a new stronger Worldwide agreement for water deal; Meetings w/Goldman Sachs; Setting up Demos & Pilot programs for water; Quickly responding to FINRA as we receive comments on name & symbol change filing, the comments are basic & simple, 3-4 weeks between comments",0.1174242424242424,neutral,"GMPR, FINRA"
pennystocks,1ei52yz,SVMH delist today,0.20909090909090908,neutral,SVMH
pennystocks,1ei4mvk,$CLNV Update,0.18101731601731605,neutral,"WV, WVEDA, CA, CLNV, LOS, OTCQB"
pennystocks,1ei1ohr,"ğŸ‡¹â€ŒğŸ‡­â€ŒğŸ‡ªâ€Œ ğŸ‡±â€ŒğŸ‡´â€ŒğŸ‡ºâ€ŒğŸ‡³â€ŒğŸ‡¬â€ŒğŸ‡ªâ€Œ August 02, 2024",0.0,avoid,
pennystocks,1ehzxon,"$ADAP Adaptimmune Receives U.S. FDA Accelerated Approval of TECELRAÂ® (afamitresgene autoleucel), the First Approved Engineered Cell Therapy for a Solid Tumor",0.125,neutral,"FDA, ADAP"
pennystocks,1ehusj5,$RDHL - #DDAmanda Video Analysis,0.0,avoid,RDHL
pennystocks,1ehsq75,Whatâ€™s up with Liberty Defense (LDDFF)?,0.075,neutral,LDDFF
pennystocks,1ehpvzr,"The Increasing Importance of Copper in Modern Industries (TSXV : WCU, OTC : WCUFF, FRA : 7LY0)",0.10042743451834359,neutral,"OTC, FRA, WCU, BC, WCUFF, TSXV, MSRD, EV, ISL"
pennystocks,1ehp1bz,"Canterra Minerals $CTM plans to drill at Buchans. Recently, $1.5M in financings was closed as well. Is anyone watching the critical minerals space? shareholders include Eric Sprott, Michael Gentile and Resource Capital Funds. Current market cap = $13M.",0.010968228200371055,neutral,"ON, IN, AT, VMS, CTM"
pennystocks,1ehnbo8,Penny Stocks that might help you escape the matrix ,0.13990466641201935,neutral,"BEWFF, GOLXF, QIMC, LTE, IP, CN, BEW, GLM, DD, AT, MC, CRD, IMHO, NB"
pennystocks,1ehmybj,LGVN FDA approval and patens news,-0.15000000000000002,avoid,"FDA, LGVN"
pennystocks,1ehigyw,$PAPL stock is stabilizing after a 50% surge over the past two weeks.,0.05185185185185185,neutral,"RSI, PAPL"
pennystocks,1ehig2o,RNLX has a lot of potential ,-0.16666666666666666,avoid,RNLX
pennystocks,1ehhv7n,"Generation Uranium is Leading the Charge in Uranium Exploration (TSXV: GEN, OTCQB: GENRF)",0.1145153125111803,neutral,"OTC, USD, FRA, US, VGR, DNN, EV, NXE, NYSE, MW, NI, TSXV, CCJ, GEN, UEC, OTCQB, NSR, GENRF"
pennystocks,1ehhftz,"CBD Life Sciences, Inc. $CBDL Signs MOU With Large Mushroom Supplement Company",0.21428571428571427,neutral,"CBDL, CBD, MOU"
pennystocks,1ehh3mc,$OCGN Nasal Vaccin,0.15038419913419915,neutral,"SARS, MO, OCGN, COVID, GLOBE, MD"
pennystocks,1ehgdub,"SPZI: Bloxcross and JP3E Announce the Global Trade Financing Platform Is Live
",0.13094098883572566,neutral,"OTC, YORK, JP, NEW, SPZI, GLOBE, BOD"
pennystocks,1ehg58w,Intelligent Bio Solutions Partners with CenExel to Conduct Clinical Study as Part of FDA 510(k) US Expansion PathwayÂ ,0.506060606060606,neutral,"FDA, YORK, NEW, INBS, US"
pennystocks,1ehfy1j,Big News - $MMA Rolls Out Hype Marketing Platform Subscription,0.15520833333333334,neutral,"MMA, NYSE, US"
pennystocks,1ehe3at,Anyone know what's going on with Redhill biopharma?... +60% in 10 min.,0.0,avoid,
pennystocks,1ehe1wc,Upcoming Penny Stock Catalysts in Biotech with Some Due Diligence (DD) for August 2024,0.07888888888888888,neutral,"GRTS, ZVRA, MPAR, ORR, NPC, AC, FDA, CRC, OS, CRL, ADAP, PDUFA, CTXR, AGEN, KOL, BLA, DD, IASP, ENSC, PSTV, MSS"
pennystocks,1ehc10w,"QuantumScape Insider Sold Shares Worth $4,380,626, According to a Recent SEC Filing",0.040909090909090916,neutral,"III, QS"
pennystocks,1eh8daz,"ğŸ‡¹â€ŒğŸ‡­â€ŒğŸ‡ªâ€Œ ğŸ‡±â€ŒğŸ‡´â€ŒğŸ‡ºâ€ŒğŸ‡³â€ŒğŸ‡¬â€ŒğŸ‡ªâ€Œ August 01, 2024",0.0,avoid,
pennystocks,1eh4rn5,$NCNC - #DDAmanda Video Analysis,0.0,avoid,NCNC
pennystocks,1eh4jkt,This should be fun,0.3,neutral,
pennystocks,1eh087q,Have You Heard About This Materials Brand Set to Dispute a Broad Spectrum of Vertical Markets?,0.15600490196078431,neutral,"TSXV, UV, BC, AUUA"
pennystocks,1egwiqu,"Element79 Gold Corp Poised for Massive Growth: Analysts Predict 500% Upsurge (CSE:ELEM, OTC:ELMGF)",0.13074229691876751,neutral,"OTC, CSE, ELEM, AP, ELMGF, PR"
pennystocks,1egvzfn,"IFUS - Marc Walther, CEO of IFUS, said, ""We greatly appreciate the efforts of Dr. Strain, the Louisiana Legislature, the entire SURAEC Team lead by Dr. Bagley, and all the IFUS team and customers who strive to advance the validation and commercialization of SGP+â„¢ and other commercial uses for bagass",0.16875,neutral,"IFUS, SGP"
pennystocks,1egvm1x,Drone delivery Canada (FLT) Volatus aerospace(VOL) merger,-0.06686507936507936,avoid,"TTM, VOL, FLT"
pennystocks,1egukbr,ğŸš€ Witness the Unstoppable Rise of BioLargo!ğŸš€  BLGO,0.18695776445776444,neutral,"EXAS, GC, IMO, BLGO, HOLD, AEC, BUY, AND, DD, VERY, IMHO, PFAS"
pennystocks,1egujkk,MMA - Bullish Set Up,0.18958333333333333,neutral,MMA
pennystocks,1egr550,"
ğŸš€ $BURUD aka $BURU won their appeal and will be relisted on NYSE Friday 8/2 
ğŸš€",0.01963423050379572,neutral,"OTC, NASA, NYSE, BURU, PPS, USAF, BURUD, EDIT"
pennystocks,1egpuhl,"Generation Uranium Re-Engages APEX Geoscience Ltd. as Technical Consultants to Advance the Yath Uranium Project (TSXV: GEN, OTCQB: GENRF)",0.135752688172043,neutral,"GIS, FOR, FRA, LAC, TSXV, APEX, DEM, GEN, OTCQB, GENRF"
pennystocks,1egosnp,ABBQ (Epic DD) insane OTC play here *MUST READ*,0.09251829988193626,neutral,"OTC, TV, MOVIE, ROKU, ONE, ABBQ, THE, MUST, TUBI, FOX, AB, USA, DD, AND, IP, READ, ABQQ"
pennystocks,1ego303,TRU stock doing great thisÂ week,0.353125,neutral,"ELD, EGO, TRU, NYSE, TSX, DD"
pennystocks,1egnyl4,"How Treatment AI | CSE: TRUE, OTC: TREIF | is Revolutionizing Healthcare with AI Solutions",0.17440622440622444,neutral,"OTC, UK, GP, CSE, ENT, MES, GLM, TRUE, US, TREIF"
pennystocks,1egnh24,"PAPL Boosts Gross Billing Margin with Innovative Counselor Program, Projecting Growth from 7.94% to 34.8%",0.07777777777777778,neutral,"PAPL, PT"
pennystocks,1egmzwy,"CBDL's Expansion Into New Area Sparks More Revenue Growth + Other Updates
",0.10511363636363637,neutral,"OTC, CBD, AZ, CBDL, PINK"
pennystocks,1egmmh8,$PAPL Sustaining above $1 - Might resume another round of rally,0.05963541666666666,neutral,"RSI, PAPL, MA"
pennystocks,1egmlxu,"$SLS 2 Existing investors add at 1,35, today one (new) buys at 1.20.  As retail, I am comfortable below that ",0.14554112554112553,neutral,"FDA, SLS, OS, PTCL, RPDD, ODD, EMA"
daytrading,1em393n,Which broker should I use?,0.25,neutral,
daytrading,1em2p6u,Futures vs. Options for someone who usually buys 1DTE contracts on SPY and holds for around 30 minutes,0.13333333333333333,neutral,SPY
daytrading,1em1cxs,Good first day trade and what application to use,0.2525,neutral,
daytrading,1em19t3,"Ok, I trade for a few hours in a day so my HTF is the hourly. What is tricky is when I see FVGs on both sides idk what the trend is.",0.15,neutral,HTF
daytrading,1em14hb,Why after futures prop firm challenges to much cheaper than CFDs/ Forex ones? ,0.15833333333333333,neutral,
daytrading,1em0uvm,How many of you are full-time traders?,0.5,neutral,
daytrading,1em0i2u,"Insider Trading activity from 08/06, and how insiders profited today off of the small bump.",0.09375,neutral,"SMALL, MEAN, NOT, IN, THE, TEX, EX, SAIA, SAY, BUT, DID, LIND, CROX, NOTE, TITLE"
daytrading,1em0bkb,Off shore options - Low account open balance.,0.22000000000000003,neutral,PTD
daytrading,1em0bgz,Futures ,0.10208333333333332,neutral,MNQ
daytrading,1elz5l0,"A Tip For Beginners That I Religiously Follow: Big wins, small wins, break evens, small losses... (no big losses). Keeping your risk management in check, will keep your account alive long enough to hit a good R/R trade.",0.07727272727272726,neutral,
daytrading,1elwgq1,GOLD. Trade IDEA,0.325,neutral,"RR, GOLD, SL, IDEA"
daytrading,1elwdq3,I would like to meet with a person who has basic knowledge From order flow ,0.05333333333333334,neutral,
daytrading,1elvosw,Help screening for stocks,0.20826839826839827,neutral,
daytrading,1elvcv1,How do yall not over trade?,-0.1863636363636364,avoid,
daytrading,1elvah8,Using futures as indicators ,0.037500000000000006,neutral,
daytrading,1elv1rt,Where the rest of you Kinfo Traders at? This is an awesome app for daytraders imo,1.0,neutral,
daytrading,1elumbs,Resource Recommendations,0.40727272727272723,neutral,
daytrading,1elulq0,Stock Market Recap 08/06/2024: Is the selloff over? + Google Ruled Guilty in Antitrust Suit + Uber Earnings,0.07877895373025244,neutral,"MNST, LCID, AV, DUOL, KVUE, VMC, LUMN, LYFT, GOOGL, AAPL, SONY, HOOD, TSLA, EPS, DIS, UBER, META, ABNB, PLTR, SHOP, CHGG, WBD, HLT, NVO, CRWD, ZI, CVS"
daytrading,1elu6x0,The $200 Daytrading challenge: Day 0,-0.04886363636363637,avoid,EDIT
daytrading,1elu4n1,How are people turning $100-$1000 in a week?,0.17222222222222225,neutral,
daytrading,1elu2bp,"Hope, fear, and greed and other personal lessons",0.2019230769230769,neutral,
daytrading,1eltgsd,Red days greater than green days ,0.09689849624060151,neutral,
daytrading,1elssr8,Options Contracts Supply,0.05595238095238096,neutral,
daytrading,1elshf5,My first book to (hopefully) success,0.16458333333333333,neutral,
daytrading,1elsgan,Did you catch the two end of session selloffs ? [E-mini SP500 futures],0.07981481481481482,neutral,POC
daytrading,1elr72q,Lesson learned today. Donâ€™t be greedy. I was at my daily limit and wanted more. I took a bigger risk because itâ€™s paper trading but still feels like my money. But if it was my money I would consider it paying my dues and for breaking my rules. Now on Iâ€™m goin to try my best to be a ROBOT,0.375,neutral,ROBOT
daytrading,1elqbod,What do you think to the close and overnight?,-0.26875000000000004,avoid,
daytrading,1elqadr,Let me hear some of your success stories with a certain or multiple stocks.,0.21825396825396826,neutral,
daytrading,1elq3u1,How to figure out what price to put stop loss at?,-0.08021978021978021,avoid,
daytrading,1elq3pb,8/6 continuation ,0.030795454545454543,neutral,"NQ, FVG, ES, EQ, SMT"
daytrading,1elp5uk,"Afternoon Watchlist 8/6! Targets, entries, and stops",0.0,avoid,"ANTE, SGMO, TENX, LYT"
daytrading,1eloql0,20k+ Day Today - Earnings Play and Short Explained,0.16630718954248364,neutral,"NVDA, RSI, NVDL, ROI, META"
daytrading,1elnl1r,"$GDHG  A blessing for novice day-traders up and down 10%-15% daily, up to 40% up in AH.  Extreme volatility.  ",0.11408313908313907,neutral,"ROE, ROCE, GDHG, AH, ROA"
daytrading,1elnayo,I'm getting there,-0.13333333333333333,avoid,
daytrading,1elnard,8/6 long,0.060606060606060615,neutral,"BSL, FVG, SSL, HTF, CISD, SMT"
daytrading,1eln8nm,All the wrong signals,0.039682539682539666,neutral,
daytrading,1elmr34,World remit?,0.3,neutral,UK
daytrading,1elm8cb,Not Sure What I am Missing.,-0.09255050505050505,avoid,
daytrading,1ellvyw,Any old school AlgoAlly replacements?,0.16,neutral,
daytrading,1ellpg3,How to gauge crazy moves pre market?,-0.1515151515151515,avoid,
daytrading,1elk9w8,Spread betting UK,0.39166666666666666,neutral,UK
daytrading,1elk8ug,Learn how to take a loss and use it to your advantage!,0.20104166666666667,neutral,"YOUR, IS"
daytrading,1eljz0n,FxReplay ,0.15000000000000002,neutral,
daytrading,1eljp4u,"Donâ€™t see a loss as a loss , its a opportunity to learn what went wrong and that starts to click ! There is no One holy grail â€œ Aha â€œ moment. Itâ€™s a combination of â€œahasâ€  by failing that make the big Aha eventually. ",0.030982736399403053,neutral,"OF, IT, KNEW"
daytrading,1eljb5t,Leverage on crypto,0.3444444444444444,neutral,
daytrading,1elj1xx,Indicators for daily,0.09772727272727273,neutral,
daytrading,1eliul2,Can anyone explain? TV vs TWS,0.0,avoid,"TV, TWS"
daytrading,1elikcc,Indices vs Forex ,0.3476190476190476,neutral,FOREX
daytrading,1elhiv1,These are the stocks on my watchlist (8/6),0.17635658914728686,neutral,"PLTR, NOT, NVDA, NVDL, ETF, EPS, EWJ, UBER, MU, ABNB, RIVN, RDDT, CFO, SOXL, INTC, ARM"
daytrading,1elh1yd,How do payouts work on Funded Accounts like Apex and Topstep?  What about drawdowns and blown accounts?,0.14861111111111114,neutral,FAQ
daytrading,1elh0ua,What do the two prices represent?,-0.13333333333333333,avoid,
daytrading,1eldebf,My Favorite Setup with A+++ Example,0.5,neutral,
daytrading,1el9ngi,Trading is not hard,0.08196969696969697,neutral,
daytrading,1el8dzl,Journal Software for free? ,0.07321428571428572,neutral,
daytrading,1el7v6u,"""Funded Trading"" is not daytrading. It's paying fees for paper trading - Change my mind",-0.07291666666666669,avoid,
daytrading,1el7lrc,Why Markets Are Crashing - The Yen Carry Trade Explained,0.0,avoid,
daytrading,1el775c,Stupid mistakes,0.0378888888888889,neutral,FOMO
daytrading,1el6qok,Winning today thanks to insider trading,0.15797008547008543,neutral,AEHR
daytrading,1el63a1,"Daytrading SPY only, Can I invest in SPY as well or Will I get Wash Sale? ",0.0,avoid,"SPY, VT, VOO"
daytrading,1el5l4g,Prop Firms - What to Look for IMO,0.009321789321789327,neutral,"IMO, EOD"
daytrading,1el4zag,Scalping/Intraday Alerts?,-0.23333333333333336,avoid,
daytrading,1el2z1w,Crash has halted o/n trading!,0.0,avoid,
daytrading,1el2ki9,Where do I start,0.17777777777777778,neutral,
daytrading,1el1yw8,Can you realistically enter the market midday/afternoon?,-0.06544011544011544,avoid,
daytrading,1el1yk6,My swing position for the next month (alongside a mi hedge),0.053333333333333344,neutral,"LTF, RSI, BOS"
daytrading,1el1ehj,50k funded topstep account ,0.048153235653235656,neutral,
daytrading,1el0po2,Anyone here ever use the apex copier with other prop accounts like topstep? ,-0.11666666666666665,avoid,
daytrading,1el05ba,I have a different kind of fear,0.17056818181818184,neutral,"MACD, SMA, VWAP, DGT, ATR"
daytrading,1ekztqq,What's The Deal With The Paid Zoom Calls To Follow & Copy A Professional Trader?,0.016351010101010102,neutral,
daytrading,1ekzjys,Anyone else have this issue?,0.125,neutral,
daytrading,1ekybwk,How feasible is it to day-trade UVXY? Does technical analysis apply to this volatility ETF?,0.018055555555555557,neutral,"SPY, ETF, VIX, UVXY"
daytrading,1eky7sw,Apex denials once again,0.18333333333333332,neutral,
daytrading,1ekxiia,Tax loopholes?,0.4,neutral,UK
daytrading,1ekxa6e,Worst day today,-0.08240740740740742,avoid,
daytrading,1ekwxnp,Try to beat my P/L on Topstep practice account ,0.0,avoid,
daytrading,1ekwtyh,How does tax loss rules effect day trading?,-0.02622895622895623,avoid,
daytrading,1ekwn3s,Some Whale Action,0.175,neutral,
daytrading,1ekvvhl,Kid breaks my heart with the questions....Any other dads feeling this pain?,-0.125,avoid,
daytrading,1ekuxq2,What is Swap?,-0.037500000000000006,avoid,
daytrading,1eks7r5,Stocks Correction Gathering Momentum But Short Term Rally Likely,0.038218390804597706,neutral,"HERE, MORE, IF, US, READ"
daytrading,1eks1o1,$5000 funded account that works in Meta Trader 4,0.26666666666666666,neutral,
daytrading,1ekrql2,"Apex funding, did I kill my PA account breaking rules?",0.16050793650793652,neutral,PA
daytrading,1ekrf3k,How could I improve on this trade?,-0.08787878787878789,avoid,MES
daytrading,1ekr3zs,Implied Move vs Average Past Move for This Week Earnings Releases,-0.2,avoid,
daytrading,1ekpw8p,QQQ VS  SPY for trading,0.27999999999999997,neutral,"QQQ, VS, SPY"
daytrading,1ekpv3e,Tos,0.1,neutral,
daytrading,1ekpr7k,Hate when this happens. Just barely missed the entry,-0.375,avoid,
daytrading,1ekpqc0,Backtesting : How much is enough? My take,0.022916666666666672,neutral,"CHF, GFC"
daytrading,1ekp5n2,AI connected trading bots,0.29404761904761906,neutral,
daytrading,1ekot26,What is the difference between trading NAS100 and MNQ?,0.034374999999999996,neutral,"MES, VERY, MNQ"
daytrading,1ekor3i,Ainâ€™t this a b-*^%#,-0.125,avoid,
daytrading,1ekoqts,Think im staying cash today,-0.49111111111111116,avoid,
daytrading,1ekoqcv,Monday- 1 trade and done,-0.225,avoid,QQQ
daytrading,1eknrpr,"Morning Watchlist 8/5 - Entries, Targets, and Stops",-0.02,avoid,"NVDA, MGOL, TENK, INTC"
daytrading,1ekngv7,What questions do you ask yourself before placing a trade? ,0.25,neutral,
daytrading,1ekmsz5,It's All Red,0.1,neutral,
daytrading,1ekmqbd,Market-Wide Circuit Breakers,0.004999999999999999,neutral,FYI
daytrading,1ekm7hv,Donâ€™t be afraid of â€œthe CRASHâ€,-0.007605820105820091,avoid,"CRASH, VIX"
daytrading,1eklwwp,Possible bounce play?,0.21481481481481482,neutral,QQQ
daytrading,1ekln9g,Question about 0 or 1dte puts in times like these.,0.16666666666666666,neutral,"SPY, QQQ"
